a,8558793,21.09365937
div,7304898,18.00335984
li,5092381,12.55047881
span,3529020,8.697481735
td,2044359,5.038445535
img,1555934,3.834692789
option,1269668,3.129173039
br,1252312,3.086398135
script,1249240,3.078827006
ul,929139,2.289918867
p,908778,2.23973796
input,850447,2.095977707
tr,817231,2.01411488
meta,558186,1.37568292
link,517252,1.274798619
strong,334894,0.825366376
table,310079,0.764208318
b,274951,0.677633252
i,246558,0.607656999
h3,235092,0.579398353
label,226491,0.558200672
font,197123,0.485821472
h2,180912,0.445868489
dd,144386,0.355847968
form,123419,0.304173538
h4,119241,0.293876606
dt,81899,0.201845004
em,77349,0.190631256
style,77153,0.190148202
html,75757,0.186707676
noscript,74701,0.184105101
button,73829,0.181956004
th,64368,0.158638802
h1,63748,0.157110775
hr,63122,0.15556796
body,54584,0.134525546
title,52498,0.129384474
head,52442,0.129246459
section,51655,0.12730685
h5,47314,0.116608195
select,46124,0.113675368
dl,44985,0.110868234
small,37875,0.093345212
iframe,36904,0.090952124
variable,36353,0.089594152
article,35281,0.086952143
center,34127,0.084108041
ol,32210,0.079383479
nav,32118,0.07915674
header,27511,0.067802512
h6,23059,0.05683029
tbody,22956,0.056576441
area,22056,0.054358337
fieldset,21778,0.053673189
blockquote,20501,0.050525946
footer,19461,0.047962803
figure,17704,0.043632571
cite,16913,0.041683104
u,16735,0.041244413
time,16596,0.040901839
sup,16531,0.040741642
aside,15817,0.038981946
path,14908,0.036741661
nobr,13309,0.03280083
param,12254,0.030200719
ins,11824,0.029140958
textarea,11628,0.028657904
abbr,11206,0.02761786
g,10178,0.025084292
figcaption,8287,0.020423809
col,7131,0.017574778
optgroup,6545,0.016130546
group,6318,0.01557109
thead,5419,0.013355451
legend,5394,0.013293837
del,5388,0.01327905
svg,5014,0.012357304
code,4989,0.01229569
base,4350,0.010720836
map,4158,0.010247641
strike,4074,0.010040618
pre,4045,0.009969145
sub,3693,0.00910162
tt,3374,0.008315426
big,3199,0.007884128
mo,3159,0.007785545
address,3156,0.007778152
object,2931,0.007223626
var,2872,0.007078216
mrow,2792,0.006881052
mi,2772,0.00683176
source,2566,0.006324061
attribute,2490,0.006136755
dfn,2245,0.005532937
embed,1790,0.004411563
s,1705,0.004202075
use,1572,0.003874288
wbr,1506,0.003711627
hgroup,1423,0.003507069
main,1136,0.00279974
msub,1095,0.002698693
menu,1015,0.002501528
video,995,0.002452237
colgroup,994,0.002449773
caption,993,0.002447308
image,946,0.002331474
picture,944,0.002326545
mn,913,0.002250143
banner,892,0.002198388
kbd,886,0.0021836
symbol,853,0.00210227
noindex,719,0.001772019
dataobject,662,0.001631539
xml,646,0.001592106
acronym,638,0.001572389
key,632,0.001557602
polygon,631,0.001555137
h8,621,0.001530492
mark,566,0.001394941
rect,544,0.001340721
q,535,0.00131854
tfoot,521,0.001284036
cenetr,484,0.001192847
defs,483,0.001190383
target,443,0.0010918
figref,429,0.001057296
value,416,0.001025257
stringkeystringvalues,401,0.000988289
forcenavwrite,401,0.000988289
creativestringvalues,401,0.000988289
creativeintvalues,401,0.000988289
eonehref,379,0.000934068
clippath,345,0.000850273
fcmn,336,0.000828092
circle,315,0.000776336
line,296,0.00072951
spacer,285,0.0007024
set,277,0.000682683
ignoreurlreformat,274,0.000675289
category,273,0.000672825
frame,265,0.000653108
math,261,0.00064325
msup,245,0.000603817
item,241,0.000593959
dir,241,0.000593959
description,233,0.000574242
canvas,232,0.000571778
db,230,0.000566849
thirdlevel,217,0.00053481
marquee,209,0.000515093
mtd,207,0.000510164
audio,206,0.000507699
l,205,0.000505235
sort,204,0.00050277
pubdate,199,0.000490447
date,180,0.000443621
new,172,0.000423904
text,171,0.00042144
heading,165,0.000406652
mfrac,154,0.000379542
frameset,153,0.000377078
mfenced,152,0.000374613
marker,143,0.000352432
h7,141,0.000347503
model,130,0.000320393
stop,125,0.00030807
samp,124,0.000305605
topic,118,0.000290818
mtext,118,0.000290818
if,115,0.000283424
bdi,114,0.00028096
prepend,113,0.000278495
dbsetvar,112,0.000276031
else,110,0.000271102
polyline,109,0.000268637
n,104,0.000256314
colspec,104,0.000256314
ddd,101,0.000248921
print,99,0.000243991
result,92,0.00022674
saparticle,91,0.000224275
desc,91,0.000224275
url,88,0.000216881
modelid,88,0.000216881
mtr,87,0.000214417
tpl,85,0.000209488
noframes,85,0.000209488
zw,84,0.000207023
oe,84,0.000207023
o,84,0.000207023
hme,84,0.000207023
nofollow,83,0.000204558
msubsup,78,0.000192236
csaction,75,0.000184842
lh,72,0.000177448
rp,68,0.00016759
mover,67,0.000165126
urlset,66,0.000162661
loc,66,0.000162661
empty,66,0.000162661
summary,65,0.000160196
qwh,65,0.000160196
mcc,65,0.000160196
root,61,0.000150338
de,61,0.000150338
name,57,0.00014048
guid,57,0.00014048
csscriptdict,57,0.00014048
fragmentinstance,56,0.000138015
secondlevel,55,0.000135551
none,53,0.000130622
csactiondict,53,0.000130622
cufontext,52,0.000128157
permits,51,0.000125693
cufon,51,0.000125693
sum,50,0.000123228
itemscope,50,0.000123228
filter,49,0.000120763
lastdotpos,47,0.000115834
content,47,0.000115834
requires,46,0.00011337
not,45,0.000110905
list,45,0.000110905
subitem,43,0.000105976
lineargradient,43,0.000105976
license,43,0.000105976
layer,43,0.000105976
csobj,42,0.000103512
jobdescription,41,0.000101047
h,41,0.000101047
maxwidth,40,9.85824E-05
basefont,40,9.85824E-05
wnphotodate,39,9.61178E-05
matches,39,9.61178E-05
headline,39,9.61178E-05
tgroup,38,9.36533E-05
associate,38,9.36533E-05
tracking,36,8.87242E-05
iediv,36,8.87242E-05
esc,36,8.87242E-05
von,35,8.62596E-05
tradeit,35,8.62596E-05
or,35,8.62596E-05
mtable,35,8.62596E-05
id,35,8.62596E-05
ruby,34,8.3795E-05
rt,34,8.3795E-05
ad,34,8.3795E-05
noembed,33,8.13305E-05
ellipse,33,8.13305E-05
byline,33,8.13305E-05
bdo,33,8.13305E-05
separatortemplate,32,7.88659E-05
right,32,7.88659E-05
place,32,7.88659E-05
phrase,32,7.88659E-05
module,32,7.88659E-05
asset,32,7.88659E-05
qz,31,7.64014E-05
qt,31,7.64014E-05
qq,31,7.64014E-05
plaintext,31,7.64014E-05
newviewablearea,31,7.64014E-05
left,31,7.64014E-05
gz,31,7.64014E-05
thumbnail,30,7.39368E-05
icon,30,7.39368E-05
back,30,7.39368E-05
archive,30,7.39368E-05
italic,29,7.14722E-05
users,28,6.90077E-05
user,28,6.90077E-05
hyperlink,28,6.90077E-05
fegaussianblur,28,6.90077E-05
author,28,6.90077E-05
lable,27,6.65431E-05
untags,26,6.40786E-05
previous,26,6.40786E-05
abstract,26,6.40786E-05
duty,25,6.1614E-05
teasetext,24,5.91494E-05
fpevcg,24,5.91494E-05
command,24,5.91494E-05
bold,24,5.91494E-05
blink,24,5.91494E-05
animate,24,5.91494E-05
extrainstructions,23,5.66849E-05
blank,23,5.66849E-05
work,21,5.17558E-05
updated,21,5.17558E-05
space,21,5.17558E-05
product,21,5.17558E-05
price,21,5.17558E-05
dimensions,21,5.17558E-05
credit,21,5.17558E-05
asi,21,5.17558E-05
uri,20,4.92912E-05
sliderelementcount,20,4.92912E-05
published,20,4.92912E-05
isfiftyonewelcomemat,20,4.92912E-05
inpu,20,4.92912E-05
ilayer,20,4.92912E-05
entry,20,4.92912E-05
d,20,4.92912E-05
bgsound,20,4.92912E-05
org,19,4.68266E-05
mstyle,19,4.68266E-05
eonenotavailable,19,4.68266E-05
eoneavailable,19,4.68266E-05
difi,19,4.68266E-05
details,19,4.68266E-05
dbinclude,19,4.68266E-05
cfoutput,19,4.68266E-05
animatetransform,19,4.68266E-05
xxa,18,4.43621E-05
xiframe,18,4.43621E-05
seo,18,4.43621E-05
ftebnu,18,4.43621E-05
fecolormatrix,18,4.43621E-05
extension,18,4.43621E-05
designertempnode,18,4.43621E-05
cset,18,4.43621E-05
fieldref,17,4.18975E-05
eonelinkdata,17,4.18975E-05
after,17,4.18975E-05
than,16,3.9433E-05
models,16,3.9433E-05
media,16,3.9433E-05
eonedescription,16,3.9433E-05
dbvar,16,3.9433E-05
csimport,16,3.9433E-05
answer,16,3.9433E-05
reference,15,3.69684E-05
rb,15,3.69684E-05
person,15,3.69684E-05
is,15,3.69684E-05
end,15,3.69684E-05
enclosure,15,3.69684E-05
data,15,3.69684E-05
dashindex,15,3.69684E-05
control,15,3.69684E-05
config,15,3.69684E-05
block,15,3.69684E-05
applet,15,3.69684E-05
xref,14,3.45038E-05
slide,14,3.45038E-05
progress,14,3.45038E-05
orgid,14,3.45038E-05
mvcurl,14,3.45038E-05
mvcseotitle,14,3.45038E-05
mvcseokeywords,14,3.45038E-05
mvcseodescription,14,3.45038E-05
mask,14,3.45038E-05
isinputfield,14,3.45038E-05
icomoon,14,3.45038E-05
framset,14,3.45038E-05
controls,14,3.45038E-05
articles,14,3.45038E-05
width,13,3.20393E-05
triggeriny,13,3.20393E-05
snbuttons,13,3.20393E-05
rss,13,3.20393E-05
ot,13,3.20393E-05
osv,13,3.20393E-05
nowrap,13,3.20393E-05
mv,13,3.20393E-05
mmv,13,3.20393E-05
f,13,3.20393E-05
channel,13,3.20393E-05
wrapper,12,2.95747E-05
vastadtaguri,12,2.95747E-05
vast,12,2.95747E-05
tab,12,2.95747E-05
spinner,12,2.95747E-05
postlink,12,2.95747E-05
oparam,12,2.95747E-05
null,12,2.95747E-05
notes,12,2.95747E-05
munder,12,2.95747E-05
minkeywordlength,12,2.95747E-05
jsl,12,2.95747E-05
isactivedatahead,12,2.95747E-05
impression,12,2.95747E-05
height,12,2.95747E-05
fasx,12,2.95747E-05
e,12,2.95747E-05
csactionitem,12,2.95747E-05
adsystem,12,2.95747E-05
abm,12,2.95747E-05
state,11,2.71102E-05
sectioncontent,11,2.71102E-05
question,11,2.71102E-05
prohibits,11,2.71102E-05
navigation,11,2.71102E-05
msqrt,11,2.71102E-05
imageurl,11,2.71102E-05
eonelinkhref,11,2.71102E-05
eonefirststyle,11,2.71102E-05
contenttemplate,11,2.71102E-05
city,11,2.71102E-05
alexandrinus,11,2.71102E-05
sideblock,10,2.46456E-05
response,10,2.46456E-05
reemplazahtml,10,2.46456E-05
placeholder,10,2.46456E-05
pattern,10,2.46456E-05
page,10,2.46456E-05
htmlblock,10,2.46456E-05
heiliges,10,2.46456E-05
guestccrecord,10,2.46456E-05
eonecategory,10,2.46456E-05
ccguestid,10,2.46456E-05
append,10,2.46456E-05
type,9,2.2181E-05
tspan,9,2.2181E-05
tooltip,9,2.2181E-05
scipt,9,2.2181E-05
pages,9,2.2181E-05
nosolr,9,2.2181E-05
maths,9,2.2181E-05
lf,9,2.2181E-05
eonelink,9,2.2181E-05
breadcrumb,9,2.2181E-05
tables,8,1.97165E-05
super,8,1.97165E-05
stong,8,1.97165E-05
sku,8,1.97165E-05
position,8,1.97165E-05
nowiki,8,1.97165E-05
msprm,8,1.97165E-05
meaningful,8,1.97165E-05
lastbuilddate,8,1.97165E-05
language,8,1.97165E-05
jot,8,1.97165E-05
invalidtag,8,1.97165E-05
hbm,8,1.97165E-05
for,8,1.97165E-05
eonelinklongdesc,8,1.97165E-05
eoneitemid,8,1.97165E-05
eonecategorycell,8,1.97165E-05
dataset,8,1.97165E-05
da,8,1.97165E-05
contentpath,8,1.97165E-05
citation,8,1.97165E-05
accordion,8,1.97165E-05
tsplit,7,1.72519E-05
ticker,7,1.72519E-05
thumbnailtemplate,7,1.72519E-05
submit,7,1.72519E-05
st,7,1.72519E-05
smoothie,7,1.72519E-05
nrs,7,1.72519E-05
nbsp,7,1.72519E-05
monte,7,1.72519E-05
maxamineignore,7,1.72519E-05
keeper,7,1.72519E-05
isgigyaloginaccount,7,1.72519E-05
error,7,1.72519E-05
eoneitemlink,7,1.72519E-05
contenty,7,1.72519E-05
comment,7,1.72519E-05
agent,7,1.72519E-05
videoclicks,6,1.47874E-05
userslen,6,1.47874E-05
ui,6,1.47874E-05
trackingevents,6,1.47874E-05
swimming,6,1.47874E-05
sortoptions,6,1.47874E-05
slider,6,1.47874E-05
skipdirective,6,1.47874E-05
skipbeacon,6,1.47874E-05
search,6,1.47874E-05
phone,6,1.47874E-05
ntptpssd,6,1.47874E-05
noadimpression,6,1.47874E-05
newdate,6,1.47874E-05
min,6,1.47874E-05
menuitem,6,1.47874E-05
linear,6,1.47874E-05
later,6,1.47874E-05
hidden,6,1.47874E-05
generator,6,1.47874E-05
file,6,1.47874E-05
extensions,6,1.47874E-05
expiredate,6,1.47874E-05
eoneitemattribute,6,1.47874E-05
datalist,6,1.47874E-05
creatives,6,1.47874E-05
creative,6,1.47874E-05
clicktracking,6,1.47874E-05
cfprocessingdirective,6,1.47874E-05
cfcontent,6,1.47874E-05
categories,6,1.47874E-05
carousel,6,1.47874E-05
browse,6,1.47874E-05
blogfeeds,6,1.47874E-05
basefonf,6,1.47874E-05
zipcode,5,1.23228E-05
y,5,1.23228E-05
xa,5,1.23228E-05
welcome,5,1.23228E-05
tpid,5,1.23228E-05
ssinfo,5,1.23228E-05
specialoffersignup,5,1.23228E-05
sp,5,1.23228E-05
products,5,1.23228E-05
perpage,5,1.23228E-05
passwordinitial,5,1.23228E-05
passwordconfirm,5,1.23228E-05
numofpages,5,1.23228E-05
moderator,5,1.23228E-05
mmultiscripts,5,1.23228E-05
migrate,5,1.23228E-05
make,5,1.23228E-05
login,5,1.23228E-05
leftintervalheight,5,1.23228E-05
lastname,5,1.23228E-05
largeversionminimumscreensize,5,1.23228E-05
insert,5,1.23228E-05
im,5,1.23228E-05
guest,5,1.23228E-05
gloss,5,1.23228E-05
game,5,1.23228E-05
foreignobject,5,1.23228E-05
flashbordercolor,5,1.23228E-05
flashbackgroundcolor,5,1.23228E-05
firstname,5,1.23228E-05
fax,5,1.23228E-05
emailaddressalternate,5,1.23228E-05
elem,5,1.23228E-05
eevalid,5,1.23228E-05
editable,5,1.23228E-05
eapid,5,1.23228E-05
di,5,1.23228E-05
customfields,5,1.23228E-05
customfield,5,1.23228E-05
creditcardishidden,5,1.23228E-05
creditcardexpirationyear,5,1.23228E-05
creditcardexpirationmonth,5,1.23228E-05
creditcardbillingname,5,1.23228E-05
creditcardbillingaddress,5,1.23228E-05
cr,5,1.23228E-05
country,5,1.23228E-05
copyright,5,1.23228E-05
contact,5,1.23228E-05
companyname,5,1.23228E-05
company,5,1.23228E-05
choosemanagedquerytext,5,1.23228E-05
cctype,5,1.23228E-05
ccnumber,5,1.23228E-05
ccexpirationyear,5,1.23228E-05
ccexpirationmonth,5,1.23228E-05
ccbillingname,5,1.23228E-05
ccbillingaddress,5,1.23228E-05
bi,5,1.23228E-05
addressother,5,1.23228E-05
year,4,9.85824E-06
used,4,9.85824E-06
typeahead,4,9.85824E-06
team,4,9.85824E-06
switchregioncontent,4,9.85824E-06
supcontent,4,9.85824E-06
suggestions,4,9.85824E-06
success,4,9.85824E-06
storybody,4,9.85824E-06
startatpr,4,9.85824E-06
src,4,9.85824E-06
seml,4,9.85824E-06
scrollspot,4,9.85824E-06
scripts,4,9.85824E-06
returnurl,4,9.85824E-06
region,4,9.85824E-06
quote,4,9.85824E-06
prevdecreasingslope,4,9.85824E-06
preform,4,9.85824E-06
pos,4,9.85824E-06
plus,4,9.85824E-06
photographer,4,9.85824E-06
pagebreak,4,9.85824E-06
nolayer,4,9.85824E-06
nocleanuptag,4,9.85824E-06
mspace,4,9.85824E-06
modelids,4,9.85824E-06
metal,4,9.85824E-06
location,4,9.85824E-06
large,4,9.85824E-06
kindle,4,9.85824E-06
itemtemplate,4,9.85824E-06
iscontentasset,4,9.85824E-06
include,4,9.85824E-06
iespan,4,9.85824E-06
headerbottom,4,9.85824E-06
h9,4,9.85824E-06
grammaticus,4,9.85824E-06
friendlyurls,4,9.85824E-06
featured,4,9.85824E-06
electronicaddress,4,9.85824E-06
eaddress,4,9.85824E-06
dodel,4,9.85824E-06
device,4,9.85824E-06
csactions,4,9.85824E-06
clip,4,9.85824E-06
chron,4,9.85824E-06
chart,4,9.85824E-06
cfinclude,4,9.85824E-06
bunnyhero,4,9.85824E-06
bread,4,9.85824E-06
bodytext,4,9.85824E-06
ascript,4,9.85824E-06
appid,4,9.85824E-06
affinity,4,9.85824E-06
adress,4,9.85824E-06
acctnum,4,9.85824E-06
acctname,4,9.85824E-06
z,3,7.39368E-06
ylastname,3,7.39368E-06
where,3,7.39368E-06
vignname,3,7.39368E-06
videotag,3,7.39368E-06
valueof,3,7.39368E-06
urltype,3,7.39368E-06
twitterurl,3,7.39368E-06
trail,3,7.39368E-06
thumbnailwidth,3,7.39368E-06
thumbnailheight,3,7.39368E-06
thirdtag,3,7.39368E-06
tellmaharensis,3,7.39368E-06
switch,3,7.39368E-06
string,3,7.39368E-06
streamtype,3,7.39368E-06
stream,3,7.39368E-06
stotal,3,7.39368E-06
start,3,7.39368E-06
slides,3,7.39368E-06
siculus,3,7.39368E-06
shareicons,3,7.39368E-06
session,3,7.39368E-06
sequence,3,7.39368E-06
selectedpodconfigid,3,7.39368E-06
selectedapnum,3,7.39368E-06
seekbarpreview,3,7.39368E-06
secondtag,3,7.39368E-06
searchflight,3,7.39368E-06
scotus,3,7.39368E-06
rooms,3,7.39368E-06
results,3,7.39368E-06
relatedvideoslink,3,7.39368E-06
query,3,7.39368E-06
prophet,3,7.39368E-06
port,3,7.39368E-06
popup,3,7.39368E-06
playlist,3,7.39368E-06
phrygius,3,7.39368E-06
phr,3,7.39368E-06
philosophus,3,7.39368E-06
phalereus,3,7.39368E-06
periegeta,3,7.39368E-06
pepagomenus,3,7.39368E-06
pathname,3,7.39368E-06
options,3,7.39368E-06
ok,3,7.39368E-06
note,3,7.39368E-06
nlitemlist,3,7.39368E-06
nanus,3,7.39368E-06
mugellanus,3,7.39368E-06
locale,3,7.39368E-06
literal,3,7.39368E-06
lightbox,3,7.39368E-06
len,3,7.39368E-06
laertius,3,7.39368E-06
jesus,3,7.39368E-06
j,3,7.39368E-06
interval,3,7.39368E-06
inlinereplace,3,7.39368E-06
inline,3,7.39368E-06
imageuploadservice,3,7.39368E-06
imagecacherooms,3,7.39368E-06
imagecachecustom,3,7.39368E-06
hungarus,3,7.39368E-06
host,3,7.39368E-06
headroom,3,7.39368E-06
hash,3,7.39368E-06
halicarnassensis,3,7.39368E-06
frameservice,3,7.39368E-06
firsttag,3,7.39368E-06
filename,3,7.39368E-06
fileextension,3,7.39368E-06
facebookurl,3,7.39368E-06
eoneloggedin,3,7.39368E-06
eoneaddress,3,7.39368E-06
enable,3,7.39368E-06
element,3,7.39368E-06
droplet,3,7.39368E-06
dropdown,3,7.39368E-06
domain,3,7.39368E-06
document,3,7.39368E-06
doctype,3,7.39368E-06
docs,3,7.39368E-06
dlerooturl,3,7.39368E-06
detail,3,7.39368E-06
dbset,3,7.39368E-06
customhtml,3,7.39368E-06
csif,3,7.39368E-06
cselse,3,7.39368E-06
cretensis,3,7.39368E-06
contentwidth,3,7.39368E-06
compositescript,3,7.39368E-06
component,3,7.39368E-06
chrysostomus,3,7.39368E-06
chalcenterus,3,7.39368E-06
cartusianus,3,7.39368E-06
caecus,3,7.39368E-06
c,3,7.39368E-06
brand,3,7.39368E-06
bodyy,3,7.39368E-06
blogprofilelinkblock,3,7.39368E-06
badge,3,7.39368E-06
backup,3,7.39368E-06
authtoken,3,7.39368E-06
attrib,3,7.39368E-06
areopagita,3,7.39368E-06
apikey,3,7.39368E-06
and,3,7.39368E-06
alkaline,3,7.39368E-06
align,3,7.39368E-06
alighieri,3,7.39368E-06
addata,3,7.39368E-06
accountservice,3,7.39368E-06
acciaiolus,3,7.39368E-06
abderita,3,7.39368E-06
ab,3,7.39368E-06
zmarquee,2,4.92912E-06
xsubscribeblockx,2,4.92912E-06
xhtml,2,4.92912E-06
x,2,4.92912E-06
writeoff,2,4.92912E-06
windowwidth,2,4.92912E-06
windowheight,2,4.92912E-06
whomever,2,4.92912E-06
westmonasteriensis,2,4.92912E-06
weilheimensis,2,4.92912E-06
viewfields,2,4.92912E-06
variant,2,4.92912E-06
uss,2,4.92912E-06
uses,2,4.92912E-06
usaswimming,2,4.92912E-06
usaswim,2,4.92912E-06
usa,2,4.92912E-06
us,2,4.92912E-06
tyrius,2,4.92912E-06
trismegistus,2,4.92912E-06
trackonload,2,4.92912E-06
track,2,4.92912E-06
term,2,4.92912E-06
tel,2,4.92912E-06
tarsensis,2,4.92912E-06
tags,2,4.92912E-06
tag,2,4.92912E-06
syracusanus,2,4.92912E-06
syndicatedimage,2,4.92912E-06
supcontentreg,2,4.92912E-06
subtitle,2,4.92912E-06
su,2,4.92912E-06
styles,2,4.92912E-06
sturluson,2,4.92912E-06
strang,2,4.92912E-06
story,2,4.92912E-06
statecode,2,4.92912E-06
starty,2,4.92912E-06
startoffset,2,4.92912E-06
squareimage,2,4.92912E-06
split,2,4.92912E-06
speed,2,4.92912E-06
spasn,2,4.92912E-06
spanpintrest,2,4.92912E-06
spamcatcher,2,4.92912E-06
smmall,2,4.92912E-06
smallimage,2,4.92912E-06
smallfont,2,4.92912E-06
size,2,4.92912E-06
sitestring,2,4.92912E-06
sitedomain,2,4.92912E-06
silvaticus,2,4.92912E-06
sidebarheight,2,4.92912E-06
show,2,4.92912E-06
shawn,2,4.92912E-06
share,2,4.92912E-06
seynensis,2,4.92912E-06
severus,2,4.92912E-06
selction,2,4.92912E-06
searchindex,2,4.92912E-06
scrollpos,2,4.92912E-06
scriptasync,2,4.92912E-06
rsultats,2,4.92912E-06
row,2,4.92912E-06
romanus,2,4.92912E-06
rmisches,2,4.92912E-06
resprofilerph,2,4.92912E-06
resprofile,2,4.92912E-06
research,2,4.92912E-06
request,2,4.92912E-06
remensis,2,4.92912E-06
remarks,2,4.92912E-06
relatedasset,2,4.92912E-06
regminprice,2,4.92912E-06
rainbow,2,4.92912E-06
radialgradient,2,4.92912E-06
quicklinks,2,4.92912E-06
publicationdate,2,4.92912E-06
psellus,2,4.92912E-06
profileid,2,4.92912E-06
profile,2,4.92912E-06
preview,2,4.92912E-06
prev,2,4.92912E-06
postalcode,2,4.92912E-06
postaladdresses,2,4.92912E-06
postaladdress,2,4.92912E-06
porta,2,4.92912E-06
ponticus,2,4.92912E-06
poeta,2,4.92912E-06
playlistredirectionurl,2,4.92912E-06
planudes,2,4.92912E-06
placetype,2,4.92912E-06
placename,2,4.92912E-06
pinterest,2,4.92912E-06
pictaviensis,2,4.92912E-06
philes,2,4.92912E-06
personnameinverted,2,4.92912E-06
personname,2,4.92912E-06
percentage,2,4.92912E-06
pb,2,4.92912E-06
parisiensis,2,4.92912E-06
parentwidth,2,4.92912E-06
params,2,4.92912E-06
osmanisches,2,4.92912E-06
orderyear,2,4.92912E-06
oppaviensis,2,4.92912E-06
omniture,2,4.92912E-06
ometrics,2,4.92912E-06
olympius,2,4.92912E-06
offsetheight,2,4.92912E-06
numberofreviews,2,4.92912E-06
numberofimages,2,4.92912E-06
notesxmlurl,2,4.92912E-06
normal,2,4.92912E-06
no,2,4.92912E-06
neta,2,4.92912E-06
namesur,2,4.92912E-06
mythographus,2,4.92912E-06
moschopulus,2,4.92912E-06
minprice,2,4.92912E-06
mfresortprofileid,2,4.92912E-06
mfresort,2,4.92912E-06
mfprimaryyn,2,4.92912E-06
mfnamecode,2,4.92912E-06
mfguestpriv,2,4.92912E-06
mfcommissioncurrencycode,2,4.92912E-06
mfallowsms,2,4.92912E-06
mfallowphone,2,4.92912E-06
mfallowemail,2,4.92912E-06
metacontent,2,4.92912E-06
maurus,2,4.92912E-06
massiliensis,2,4.92912E-06
makes,2,4.92912E-06
mainorarchivepage,2,4.92912E-06
magistri,2,4.92912E-06
lucius,2,4.92912E-06
longitude,2,4.92912E-06
lm,2,4.92912E-06
linkoff,2,4.92912E-06
linkleft,2,4.92912E-06
lettus,2,4.92912E-06
length,2,4.92912E-06
lehninensis,2,4.92912E-06
ld,2,4.92912E-06
latitude,2,4.92912E-06
lastupdatercode,2,4.92912E-06
lastupdated,2,4.92912E-06
lang,2,4.92912E-06
labe,2,4.92912E-06
iunior,2,4.92912E-06
it,2,4.92912E-06
interaction,2,4.92912E-06
info,2,4.92912E-06
individualname,2,4.92912E-06
index,2,4.92912E-06
imagethumb,2,4.92912E-06
il,2,4.92912E-06
hlink,2,4.92912E-06
historicus,2,4.92912E-06
herpius,2,4.92912E-06
heart,2,4.92912E-06
halberstadensis,2,4.92912E-06
h90,2,4.92912E-06
h10,2,4.92912E-06
glycas,2,4.92912E-06
get,2,4.92912E-06
genericname,2,4.92912E-06
gandeshemensis,2,4.92912E-06
ftid,2,4.92912E-06
fpublishdate,2,4.92912E-06
fourthtag,2,4.92912E-06
fifthtag,2,4.92912E-06
ffxnewsstory,2,4.92912E-06
feff,2,4.92912E-06
evangelist,2,4.92912E-06
eq,2,4.92912E-06
eonepromotion,2,4.92912E-06
eonenotloggedin,2,4.92912E-06
eonenavigationforward,2,4.92912E-06
eonenavigationback,2,4.92912E-06
eonelinkdesc,2,4.92912E-06
eoneincludefile,2,4.92912E-06
endcategoryeditarea,2,4.92912E-06
emit,2,4.92912E-06
emesenus,2,4.92912E-06
emdash,2,4.92912E-06
electronicaddresses,2,4.92912E-06
directlink,2,4.92912E-06
dev,2,4.92912E-06
destination,2,4.92912E-06
dbbind,2,4.92912E-06
crescentinas,2,4.92912E-06
cregion,2,4.92912E-06
creatorcode,2,4.92912E-06
createddate,2,4.92912E-06
countrycode,2,4.92912E-06
contributorrole,2,4.92912E-06
contributor,2,4.92912E-06
contenttext,2,4.92912E-06
contentdivheight,2,4.92912E-06
confirm,2,4.92912E-06
confessor,2,4.92912E-06
commissionplancode,2,4.92912E-06
cobrandsitedomain,2,4.92912E-06
cmcache,2,4.92912E-06
club,2,4.92912E-06
client,2,4.92912E-06
class,2,4.92912E-06
cilicius,2,4.92912E-06
chrysoloras,2,4.92912E-06
cfajaximport,2,4.92912E-06
centers,2,4.92912E-06
categoryminprice,2,4.92912E-06
categoryeditarea,2,4.92912E-06
capella,2,4.92912E-06
caelius,2,4.92912E-06
byzantinus,2,4.92912E-06
buonarroti,2,4.92912E-06
brulefer,2,4.92912E-06
bracarensis,2,4.92912E-06
bound,2,4.92912E-06
bosoviensis,2,4.92912E-06
bohicus,2,4.92912E-06
bod,2,4.92912E-06
bloquote,2,4.92912E-06
birgivi,2,4.92912E-06
bingensis,2,4.92912E-06
bentius,2,4.92912E-06
be,2,4.92912E-06
background,2,4.92912E-06
augustodunensis,2,4.92912E-06
augiensis,2,4.92912E-06
artlink,2,4.92912E-06
articleurl,2,4.92912E-06
argentinensis,2,4.92912E-06
apostolius,2,4.92912E-06
altissiodorensis,2,4.92912E-06
aiguani,2,4.92912E-06
aegyptius,2,4.92912E-06
adsense,2,4.92912E-06
addr,2,4.92912E-06
abstracttext,2,4.92912E-06
aa,2,4.92912E-06
ziffimage,1,2.46456E-06
ymin,1,2.46456E-06
xxbody,1,2.46456E-06
xlink,1,2.46456E-06
xblspron,1,2.46456E-06
xblkpron,1,2.46456E-06
widget,1,2.46456E-06
whole,1,2.46456E-06
website,1,2.46456E-06
webmaster,1,2.46456E-06
webcontent,1,2.46456E-06
wavebroadband,1,2.46456E-06
wave,1,2.46456E-06
wadsworth,1,2.46456E-06
vzt,1,2.46456E-06
voxophone,1,2.46456E-06
viewscorecardpositions,1,2.46456E-06
viewport,1,2.46456E-06
view,1,2.46456E-06
videos,1,2.46456E-06
version,1,2.46456E-06
verbatim,1,2.46456E-06
valcommission,1,2.46456E-06
uptime,1,2.46456E-06
up,1,2.46456E-06
uk,1,2.46456E-06
uf,1,2.46456E-06
tweet,1,2.46456E-06
ttl,1,2.46456E-06
trophy,1,2.46456E-06
trendlines,1,2.46456E-06
transylvanus,1,2.46456E-06
tqvisit,1,2.46456E-06
tornacensis,1,2.46456E-06
toolbar,1,2.46456E-06
tobdy,1,2.46456E-06
ti,1,2.46456E-06
thumbnailimage,1,2.46456E-06
this,1,2.46456E-06
thessalius,1,2.46456E-06
the,1,2.46456E-06
taxondesc,1,2.46456E-06
t,1,2.46456E-06
syndicator,1,2.46456E-06
sxcript,1,2.46456E-06
suntimes,1,2.46456E-06
submenu,1,2.46456E-06
subhead,1,2.46456E-06
stuff,1,2.46456E-06
storysumm,1,2.46456E-06
storm,1,2.46456E-06
storedisplayname,1,2.46456E-06
stacktag,1,2.46456E-06
srong,1,2.46456E-06
spn,1,2.46456E-06
spanve,1,2.46456E-06
spansearch,1,2.46456E-06
spam,1,2.46456E-06
social,1,2.46456E-06
soan,1,2.46456E-06
snap,1,2.46456E-06
slideshow,1,2.46456E-06
siteid,1,2.46456E-06
site,1,2.46456E-06
simons,1,2.46456E-06
sidebarcontent,1,2.46456E-06
sidebar,1,2.46456E-06
side,1,2.46456E-06
sharpie,1,2.46456E-06
sfdocready,1,2.46456E-06
setting,1,2.46456E-06
sethus,1,2.46456E-06
senior,1,2.46456E-06
selectedparams,1,2.46456E-06
selectedparameters,1,2.46456E-06
selco,1,2.46456E-06
sel,1,2.46456E-06
secion,1,2.46456E-06
scrxipt,1,2.46456E-06
scrollend,1,2.46456E-06
scope,1,2.46456E-06
scholasticus,1,2.46456E-06
salesprice,1,2.46456E-06
rvilistlength,1,2.46456E-06
roundedcolumnheight,1,2.46456E-06
rightimage,1,2.46456E-06
rightcolumngroup,1,2.46456E-06
rightadsensecodehere,1,2.46456E-06
revisiondesc,1,2.46456E-06
reviews,1,2.46456E-06
review,1,2.46456E-06
returns,1,2.46456E-06
resulttype,1,2.46456E-06
resp,1,2.46456E-06
reply,1,2.46456E-06
render,1,2.46456E-06
removeforprint,1,2.46456E-06
referrer,1,2.46456E-06
redonensis,1,2.46456E-06
rant,1,2.46456E-06
randomrightimage,1,2.46456E-06
r,1,2.46456E-06
questions,1,2.46456E-06
pwafetch,1,2.46456E-06
protocol,1,2.46456E-06
promoblurb,1,2.46456E-06
projectcontent,1,2.46456E-06
primaryimagealttext,1,2.46456E-06
primaryimage,1,2.46456E-06
preface,1,2.46456E-06
pozitiay,1,2.46456E-06
plusone,1,2.46456E-06
please,1,2.46456E-06
phillisoodkr,1,2.46456E-06
pfp,1,2.46456E-06
pepe,1,2.46456E-06
pd,1,2.46456E-06
pby,1,2.46456E-06
pant,1,2.46456E-06
pan,1,2.46456E-06
paid,1,2.46456E-06
pagination,1,2.46456E-06
pagewidth,1,2.46456E-06
pageid,1,2.46456E-06
pacificus,1,2.46456E-06
owner,1,2.46456E-06
overlay,1,2.46456E-06
ov,1,2.46456E-06
outer,1,2.46456E-06
otherfeeds,1,2.46456E-06
other,1,2.46456E-06
orgname,1,2.46456E-06
orderby,1,2.46456E-06
opta,1,2.46456E-06
opentracking,1,2.46456E-06
numkeyfr,1,2.46456E-06
numbertemplate,1,2.46456E-06
num,1,2.46456E-06
nr,1,2.46456E-06
notineditor,1,2.46456E-06
notextile,1,2.46456E-06
normalfont,1,2.46456E-06
nomedoblog,1,2.46456E-06
noframe,1,2.46456E-06
nodesearchname,1,2.46456E-06
nodename,1,2.46456E-06
nodeid,1,2.46456E-06
nmwainclude,1,2.46456E-06
nil,1,2.46456E-06
nextlinktemplate,1,2.46456E-06
newslegend,1,2.46456E-06
narrative,1,2.46456E-06
mysearch,1,2.46456E-06
minyear,1,2.46456E-06
minwidth,1,2.46456E-06
mini,1,2.46456E-06
mindate,1,2.46456E-06
metronet,1,2.46456E-06
methodname,1,2.46456E-06
methodcall,1,2.46456E-06
metaphrastes,1,2.46456E-06
metadata,1,2.46456E-06
message,1,2.46456E-06
meshlist,1,2.46456E-06
mesh,1,2.46456E-06
menubar,1,2.46456E-06
medium,1,2.46456E-06
medicalspecialties,1,2.46456E-06
mctv,1,2.46456E-06
mc,1,2.46456E-06
maxtime,1,2.46456E-06
max,1,2.46456E-06
mattesillani,1,2.46456E-06
marochitanus,1,2.46456E-06
maincontentholder,1,2.46456E-06
maincontent,1,2.46456E-06
mailto,1,2.46456E-06
madison,1,2.46456E-06
luilvnjd,1,2.46456E-06
located,1,2.46456E-06
lnk,1,2.46456E-06
lllij,1,2.46456E-06
llie,1,2.46456E-06
lithe,1,2.46456E-06
linktoregioncontent,1,2.46456E-06
linkstitle,1,2.46456E-06
linksgroup,1,2.46456E-06
links,1,2.46456E-06
like,1,2.46456E-06
life,1,2.46456E-06
leq,1,2.46456E-06
led,1,2.46456E-06
leadimage,1,2.46456E-06
lcink,1,2.46456E-06
larolina,1,2.46456E-06
largus,1,2.46456E-06
la,1,2.46456E-06
keyword,1,2.46456E-06
justify,1,2.46456E-06
jtball,1,2.46456E-06
jqwhitetoblue,1,2.46456E-06
iv,1,2.46456E-06
items,1,2.46456E-06
irer,1,2.46456E-06
ioldsborn,1,2.46456E-06
introtitle,1,2.46456E-06
introduction,1,2.46456E-06
inputtype,1,2.46456E-06
inputglow,1,2.46456E-06
inner,1,2.46456E-06
inlineadtag,1,2.46456E-06
init,1,2.46456E-06
inc,1,2.46456E-06
impanads,1,2.46456E-06
imon,1,2.46456E-06
imgsrc,1,2.46456E-06
iii,1,2.46456E-06
ifopfloor,1,2.46456E-06
htsearch,1,2.46456E-06
htopbanner,1,2.46456E-06
htmlelement,1,2.46456E-06
htccomm,1,2.46456E-06
horse,1,2.46456E-06
hoodcanal,1,2.46456E-06
hometel,1,2.46456E-06
homepagecookie,1,2.46456E-06
hochenzoll,1,2.46456E-06
hide,1,2.46456E-06
hi,1,2.46456E-06
heracleensis,1,2.46456E-06
headingadsencecode,1,2.46456E-06
hardreturn,1,2.46456E-06
h80,1,2.46456E-06
h0,1,2.46456E-06
grain,1,2.46456E-06
goldenwest,1,2.46456E-06
go,1,2.46456E-06
geq,1,2.46456E-06
geneindexline,1,2.46456E-06
geek,1,2.46456E-06
gear,1,2.46456E-06
gathanks,1,2.46456E-06
fxe,1,2.46456E-06
ftdef,1,2.46456E-06
frames,1,2.46456E-06
frac,1,2.46456E-06
formview,1,2.46456E-06
format,1,2.46456E-06
flu,1,2.46456E-06
float,1,2.46456E-06
figurecaption,1,2.46456E-06
fig,1,2.46456E-06
fieldname,1,2.46456E-06
fidati,1,2.46456E-06
feraizicizade,1,2.46456E-06
fefuncr,1,2.46456E-06
fefuncg,1,2.46456E-06
fefuncb,1,2.46456E-06
feed,1,2.46456E-06
fecomponenttransfer,1,2.46456E-06
fcaption,1,2.46456E-06
fbyline,1,2.46456E-06
exalted,1,2.46456E-06
eremita,1,2.46456E-06
ephesius,1,2.46456E-06
epasidebar,1,2.46456E-06
epadateurl,1,2.46456E-06
epabreadcrumbs,1,2.46456E-06
eoneusername,1,2.46456E-06
eonemember,1,2.46456E-06
eonefunctionavailable,1,2.46456E-06
eonefirstname,1,2.46456E-06
eonecartsubtotalexcludingshipping,1,2.46456E-06
eonecart,1,2.46456E-06
enter,1,2.46456E-06
endindex,1,2.46456E-06
endeavor,1,2.46456E-06
enddate,1,2.46456E-06
empiricus,1,2.46456E-06
editcard,1,2.46456E-06
eci,1,2.46456E-06
dummy,1,2.46456E-06
dive,1,2.46456E-06
distinctivetitle,1,2.46456E-06
disallowedhr,1,2.46456E-06
dim,1,2.46456E-06
detailsview,1,2.46456E-06
descripy,1,2.46456E-06
descripcion,1,2.46456E-06
deptlinklist,1,2.46456E-06
definition,1,2.46456E-06
debug,1,2.46456E-06
cyrenensis,1,2.46456E-06
cy,1,2.46456E-06
cut,1,2.46456E-06
currentdate,1,2.46456E-06
crgenchannels,1,2.46456E-06
credits,1,2.46456E-06
countboxes,1,2.46456E-06
coucy,1,2.46456E-06
continue,1,2.46456E-06
contentgroup,1,2.46456E-06
contentbanner,1,2.46456E-06
container,1,2.46456E-06
contactinfo,1,2.46456E-06
commit,1,2.46456E-06
comments,1,2.46456E-06
comic,1,2.46456E-06
color,1,2.46456E-06
clientname,1,2.46456E-06
citations,1,2.46456E-06
cit,1,2.46456E-06
change,1,2.46456E-06
cencias,1,2.46456E-06
casscomm,1,2.46456E-06
casecontent,1,2.46456E-06
capsule,1,2.46456E-06
cantuarensis,1,2.46456E-06
cabcpm,1,2.46456E-06
bxe,1,2.46456E-06
burial,1,2.46456E-06
bull,1,2.46456E-06
bre,1,2.46456E-06
bracket,1,2.46456E-06
bottomsection,1,2.46456E-06
bottomchat,1,2.46456E-06
bottom,1,2.46456E-06
bosnavi,1,2.46456E-06
bogus,1,2.46456E-06
blogtagsblock,1,2.46456E-06
blogtags,1,2.46456E-06
blogpreviousitemsblock,1,2.46456E-06
blogpreviousitems,1,2.46456E-06
blogposttagsblock,1,2.46456E-06
blogposttags,1,2.46456E-06
blogpostcategoriesblock,1,2.46456E-06
blogpostcategories,1,2.46456E-06
bloglinkdumpblock,1,2.46456E-06
blogitemcommentsenabled,1,2.46456E-06
blogitembacklinksenabled,1,2.46456E-06
bloggerarchives,1,2.46456E-06
blogextendedpost,1,2.46456E-06
blogcomment,1,2.46456E-06
blogcategoriesblock,1,2.46456E-06
begin,1,2.46456E-06
bbprodwarranty,1,2.46456E-06
bbprodstoring,1,2.46456E-06
bbprodshipping,1,2.46456E-06
bbprodshaping,1,2.46456E-06
bbprodlights,1,2.46456E-06
bbprodincludes,1,2.46456E-06
bbprodfoilage,1,2.46456E-06
bbproddesc,1,2.46456E-06
bbprodcustomers,1,2.46456E-06
bbprodcustomercare,1,2.46456E-06
bbprodcrosssell,1,2.46456E-06
bbprodassembly,1,2.46456E-06
baron,1,2.46456E-06
autor,1,2.46456E-06
aspectratio,1,2.46456E-06
arvig,1,2.46456E-06
arttextxml,1,2.46456E-06
articletitlehere,1,2.46456E-06
articletext,1,2.46456E-06
apply,1,2.46456E-06
application,1,2.46456E-06
apple,1,2.46456E-06
any,1,2.46456E-06
al,1,2.46456E-06
advertisers,1,2.46456E-06
addcard,1,2.46456E-06